0	1	2	3	4	5	6	7	8	9	10
二手房出售，非诚勿扰	安置小区	北山口镇-镇中心	住宅	2室2厅1卫	90平米	中等装修	4/5	南北通透	10年	2667元/平米
尚城华府精装107万元拎包入住	尚城华府	巩义东区-中心	公寓	3室2厅2卫	143平米	豪华装修	/18		0年	7483元/平米
恒星花园出售两室两厅精装75万	恒星皇家花园	巩义东区-中心	公寓	2室1厅1卫	92平米	简单装修	33/7		0年	8152元/平米
出租建新街三室一厅房子	城建局家属楼	巩义市区-中心	公寓	3室2厅1卫	100平米	中等装修	3/6		0年	面议/平米
出租汽车站对面宇华福苑临街门面133平米	宇华福苑	巩义市区-中心	商铺	1室1厅1卫	133平米	毛坯	1/28		0年	面议/平米
出租汽车站对面宇华福苑临街门面133平米	宇华福苑	巩义市区-中心	商铺	1室1厅1卫	133平米	毛坯	1/28		0年	面议/平米
市区3层住宅小楼有证带独立大车库	人民路西 西陵北巷	巩义市区-中心	公寓	6室3厅2卫	300平米	豪华装修	3/1		0年	2400元/平米
文化街 14万元 60㎡	文化街	巩义市区-中心	公寓	2室1厅1卫	60平米	简单装修	3/4		0年	2333元/平米
东方现代城首付26万	东方现代城南苑	巩义东区-中心	公寓	2室2厅1卫	90平米	毛坯	22/10		0年	6778元/平米
低首付个人急售紫荆花苑复式4室2厅3卫，有证可按揭	紫荆花园	巩义市区-中心	公寓	4室2厅3卫	167平米	中等装修	/		0年	4311元/平米
首付33万！名仕豪居116平三室！地暖已铺好！	名仕豪居	巩义市区-周边	公寓	3室2厅1卫	116平米	简单装修	/20		0年	5000元/平米
急售名士豪居双气电梯房三室两厅一卫58万		巩义市区-中心	住宅	3室2厅1卫	116平米	毛坯	16/8		0年	5000元/平米
出售东方现代城南苑92平方两室两厅毛坯57万	东方现代城南苑	巩义东区-中心	住宅	2室2厅1卫	92平米	毛坯	20/22		0年	6196元/平米
出售外贸公司家属楼三室两厅114平方有证	外贸公司家属楼	巩义市区-中心	住宅	3室2厅1卫	114平米	简单装修	5/6		13年	4912元/平米
华树对面拖厂家属楼3室1厅1卫21万元	拖厂南苑	巩义市区-中心	住宅	3室1厅1卫	63平米	简单装修	4/5	南北	1995年	3333元/平米
出售家福园精装房	家福园	巩义东区-中心	住宅	3室2厅2卫	141平米	豪华装修	7/15	南北	2010年	7092元/平米
低价出售陇海路家属院三室两厅一卫127平米31万中等装修		巩义市区-中心	住宅	3室2厅1卫	127平米	简单装修	7/7	南北	2000年	2520元/平米
建业，最好的房产，可以分期，首付20万	建业壹号城邦	巩义东区-中心	住宅	3室2厅2卫	124平米	毛坯	31/33	南北	2016年	6976元/平米
名士豪居 116平毛坯三室售价57万首付30万月供1756元	名仕豪居	巩义市区-周边	住宅	3室2厅1卫	116平米	毛坯	10/10	南北	2015年	4914元/平米
月供2366元，首付50万左右 大三室 装修即可入住	世博一品城	巩义东区-中心	住宅	3室2厅2卫	120平米	毛坯	低/26	南北	2016年	6833元/平米
5900一平方 首付52万东方现代城北苑 学 区房园林小区	东方现代城北苑	巩义东区-中心	住宅	3室2厅2卫	136平米	毛坯	高/24	南北	2015年	5882元/平米
能改名 恒星花园130平 首付40W 三室两卫 南北通透	恒星皇家花园	巩义东区-中心	住宅	3室2厅2卫	130平米	毛坯	高/26	南北	2016年	6846元/平米
出售滨河花苑电梯两室售价62万首付19万，首付19万。	滨河花苑	巩义东区-中心	住宅	2室2厅1卫	94平米	毛坯	中/11	南北	2008年	6596元/平米
现房首付45万南北通透恒星花园三室两厅两卫131平，仅售88	恒星皇家花园	巩义东区-中心	住宅	3室2厅2卫	131平米	毛坯	高/33	南北	2014年	6718元/平米
市区好房出售		巩义市区-中心	住宅	3室1厅1卫	120平米	中等装修	3/6	坐北朝南	18年	2917元/平米
城市嘉苑3室2厅2卫68万元精装拎包入住	城市嘉苑	巩义市区-中心	住宅	3室2厅2卫	118平米	豪华装修	7/11	南北	2009年	5763元/平米
出售东方现代城稀缺南北通透两室户型中间楼层新装修未住人	东方现代城南苑	巩义东区-中心	住宅	2室2厅1卫	95平米	中等装修	8/24	南北	年	6526元/平米
首付49万建业壹号城邦3室2厅2卫86万元	建业壹号城邦	巩义东区-中心	住宅	3室2厅2卫	125平米	豪华装修	31/31	南北	2016年	6880元/平米
名仕豪居3室2厅1卫首付33万月供1700	名仕豪居	巩义市区-周边	住宅	3室2厅1卫	116.6平米	毛坯	8/10	南北	2010年	4974元/平米
东方现代城2室2厅1卫有证可分期价格便宜	东方现代城南苑	巩义东区-中心	住宅	2室2厅1卫	98平米	豪华装修	11/12	南北	2010年	6633元/平米
朗曼新城3室2厅2卫毛坯现房中间楼层	朗曼新城	巩义东区-中心	住宅	3室2厅2卫	132平米	毛坯	11/26	南北	2015年	6667元/平米
东方现代城首付26万	东方现代城南苑	巩义东区-中心	住宅	2室2厅1卫	90平米	毛坯	10/26	南	2016年	6778元/平米
康店庄头小区房屋出售		巩义市区-中心	住宅	2室2厅1卫	99平米	简单装修	6/6		2012年	面议/平米
建设路畜牧局后农行家属楼四室一厅108平米27万卖		巩义市区-中心	住宅	4室1厅1卫	108平米	毛坯	4/6	南北	2000年	2500元/平米
尚城华府3室2厅1卫78万元	尚城华府	巩义东区-中心	住宅	3室2厅1卫	115平米	豪华装修	9/17	南	2014年	6783元/平米
均价6200！首付36万！恒星皇家花园好户型！	恒星皇家花园	巩义东区-中心	住宅	3室2厅2卫	133平米	毛坯	中/33	南北	2014年	6165元/平米
有证可按揭！格兰名家94平户型超赞随时看房	格兰名家	巩义东区-中心	住宅	2室2厅1卫	94平米	毛坯	12/18	南北	2014年	6915元/平米
东方现代城首付26万	东方现代城北苑	巩义东区-中心	住宅	2室2厅1卫	90平米	毛坯	10/26	南	2016年	6778元/平米
朗曼现房4室165平5400元㎡一手房免过户	朗曼新城	巩义东区-中心	住宅	4室2厅2卫	165平米	毛坯	中/26	南北	2016年	5394元/平米
低价出售陇海路家属院三室两厅一卫127平米31万中等装修		巩义市区-中心	住宅	3室2厅1卫	127平米	中等装修	6/6	南北	2000年	2441元/平米
出售人民西路面粉厂家属院一楼两室两厅		巩义市区-中心	住宅	2室2厅1卫	75平米	简单装修	1/7	南北	1998年	2400元/平米
南环三室两厅24万5		巩义市区-周边	住宅	3室2厅1卫	118平米	简单装修	6/7	南北	2000年	2076元/平米
售建业31楼3室2厅2卫	建业壹号城邦	巩义东区-中心	住宅	3室2厅2卫	124平米	毛坯	31/33	南北	2016年	6976元/平米
龙泉花园4室2厅150平88万	龙泉花园	巩义市区-中心	住宅	4室2厅2卫	150平米	毛坯	22/		0年	6000元/平米
恒星三期房出售3-2-2	恒星皇家花园	巩义东区-中心	住宅	3室2厅2卫	131平米	毛坯	8/33	南北	0年	6718元/平米
可分期恒星皇家花园3室2厅1卫首付44万元	恒星皇家花园	巩义东区-中心	住宅	3室2厅1卫	113平米	中等装修	/		年	6637元/平米
拖厂南苑127平三室两厅报价62万首付20万即可	拖厂南苑	巩义市区-中心	住宅	3室2厅1卫	127平米	中等装修	5/6		年	4882元/平米
华树世家175平精装四室两厅报价82万首付30万	华树世家	巩义市区-中心	住宅	4室2厅2卫	175平米	中等装修	6/7		年	4686元/平米
常庄小区3层122平有房产证3室2厅1卫36万元	常庄新村	巩义市区-周边	住宅	3室2厅1卫	122平米	简单装修	3/6	南北	1995年	2951元/平米
恒星皇家花园2室1厅1卫48万元	恒星皇家花园	巩义东区-中心	公寓	2室1厅1卫	48平米	豪华装修	1/26	南	2013年	10000元/平米
建设路加油站对面非顶层房产证3室1厅1卫30万元		巩义市区-中心	住宅	3室1厅1卫	90平米	简单装修	5/6	南北	1993年	3333元/平米
翠堤湾89平小三室，一手房手续6000一平	翠堤湾	巩义市区-中心	住宅	3室1厅1卫	89平米	毛坯	中/18	南北	2014年	6067元/平米
5000一平，现代城南苑现房，两室两厅！	东方现代城南苑	巩义东区-中心	住宅	2室2厅1卫	98平米	毛坯	中/18	南	2013年	5000元/平米
华树世家164平精装三室报价80万可预约分期	华树世家	巩义市区-中心	住宅	3室2厅2卫	164平米	豪华装修	6/6	南北	2008年	4878元/平米
华树世家175平精装四室两厅报价82万首付30万	华树世家	巩义市区-中心	住宅	4室2厅2卫	175平米	豪华装修	6/7	南北	2008年	4686元/平米
拖厂南苑127平三室两厅报价62万首付20万即可	拖厂南苑	巩义市区-中心	住宅	3室2厅1卫	127平米	简单装修	5/6	南北	2000年	4882元/平米
东方现代城2室2厅1卫62万元	东方现代城南苑	巩义东区-中心	住宅	2室2厅1卫	94平米	中等装修	25/26	南	2010年	6596元/平米
现房入市：盛威稀有2+1通透三室！可首付！中间楼层		巩义市区-中心	住宅	3室1厅1卫	89平米	毛坯	中/18	南北	2016年	5618元/平米
出售文化街两室一厅		巩义市区-中心	住宅	2室2厅1卫	60平米	简单装修	3/4	南北	2000年	2333元/平米
东方现代城首付26万	东方现代城南苑	巩义东区-中心	住宅	2室2厅1卫	90平米	毛坯	10/26	南	2010年	6778元/平米
南环三室两厅24万5		巩义市区-周边	住宅	3室2厅1卫	118平米	中等装修	6/7	南北	年	2076元/平米
开普小区北区房屋出售	开普小区北区	巩义市区-中心	住宅	3室1厅1卫	106平米	简单装修	5/6	南北	2005年	面议/平米
龙泉花园20楼150平	龙泉花园	巩义市区-中心	住宅	4室2厅2卫	150平米	毛坯	20/26	南北	2012年	6000元/平米
水峪新村复式套房低价出售		河洛镇-镇中心	住宅	4室2厅2卫	260平米	毛坯	5/6	南北	2012年	面议/平米
急售现房恒星皇家花园	恒星皇家花园	巩义东区-中心	住宅	3室2厅1卫	104平米	毛坯	1/33	南北	2014年	面议/平米
急售精装世博一品城92平方75万品牌家具家电	世博一品城	巩义东区-中心	住宅	2室2厅1卫	92平米	豪华装修	26/9		0年	8152元/平米
急售东方现代城北苑两室毛坯98平方56万	东方现代城北苑	巩义东区-中心	住宅	2室2厅1卫	98平米	毛坯	17/14		0年	5714元/平米
出售夹津口街上邮政后136平方房屋一套，简单装修，领包入住，仅需8万！！	邮政后	夹津口镇-镇中心	住宅	3室2厅1卫	136平米	简单装修	6/6	南北通透	10年	588元/平米
急售东方现代城北苑98平方，两室两厅56万		巩义东区-中心	住宅	2室2厅1卫	98平米	毛坯	14/17	南	0年	5714元/平米
龙泉花园4室2厅2卫97万元	龙泉花园	巩义市区-中心	住宅	4室2厅2卫	150平米	毛坯	20/24	南北	2014年	6467元/平米
恒星皇家花园3室2厅2卫83万元	恒星皇家花园	巩义东区-中心	住宅	3室2厅2卫	134平米	毛坯	中/26	南北	2018年	6194元/平米
东润峰景2室2厅1卫75万元	东润峰景	巩义东区-中心	住宅	2室2厅1卫	98平米	豪华装修	中/26	东南	2017年	7653元/平米
龙泉花园3室2厅1卫85万元	龙泉花园	巩义市区-中心	住宅	3室2厅1卫	130平米	中等装修	中/26	南北	2013年	6538元/平米
华树世家3室2厅2卫	华树世家	巩义市区-中心	住宅	3室2厅2卫	144平米	简单装修	3/6	南北	2005年	5694元/平米
巩义市人民西路172号救助站家属楼3室2厅1卫45万元		巩义市区-中心	住宅	3室2厅1卫	140平米	简单装修	5/7	南	2000年	3071元/平米
出售学前街二小三小旁边3室2厅套房		巩义市区-中心	住宅	3室2厅1卫	107平米	中等装修	5/7	南北	2002年	面议/平米
夹津口出售有证套房，可办理过户手续		巩义东区-中心	住宅	3室2厅1卫	114平米	简单装修	3/5	南北	2010年	1228元/平米
汽车站对面水务公司家属院3室一厅双气		巩义市区-中心	住宅	3室1厅1卫	102平米	毛坯	8/26	南北	2014年	4412元/平米
出售三室两厅双卫学区电梯房	锦江国际花园	巩义东区-中心	住宅	3室2厅2卫	143平米	简单装修	7/14	南北	2010年	6993元/平米
21万急售金地银座8楼精装修大标间一间40平米		巩义市区-中心	公寓	1室0厅1卫	40平米	豪华装修	8/11	东西	2010年	5250元/平米
县医院对面金城大厦8楼便宜出售	金城大厦	巩义市区-中心	住宅	3室2厅1卫	180平米	简单装修	8/16	南北	2008年	3333元/平米
巩义市体育馆安乐街电业局家属院三室一厅出售有房产证		巩义市区-中心	住宅	3室1厅1卫	98平米	简单装修	7/7	南北	2000年	2347元/平米
建业壹号城邦两室毛坯房带车位出售	建业壹号城邦	巩义东区-中心	住宅	2室2厅1卫	89平米	毛坯	14/33	南北	2016年	6966元/平米
明阳花园房屋出售	明阳花园	巩义市区-中心	住宅	5室2厅2卫	189平米	中等装修	6/6	南北	2005年	3810元/平米
桐本路二门诊后面 气象局家属院 2楼三房 有证 随时看房	明阳花园	巩义市区-中心	住宅	3室1厅1卫	99平米	简单装修	2/6	南	1998年	3030元/平米
出售清河湾87平两室现房 均价5000	清河湾	巩义市区-中心	住宅	2室2厅1卫	87平米	毛坯	低/18	南	2015年	5172元/平米
首付18万 六小分校 华树世家旁 103平双气三房 有证	拖厂南苑	巩义市区-中心	住宅	3室1厅1卫	103平米	简单装修	6/6	南北	2005年	4854元/平米
首付20万 丹尼斯 外国语小学 127平双气三房 房本在手	拖厂南苑	巩义市区-中心	住宅	3室2厅2卫	127平米	简单装修	6/6	南北	2005年	4488元/平米
出售瑞华苑三室二厅二卫简装现房	瑞华苑	巩义东区-中心	住宅	3室2厅2卫	142.1平米	简单装修	中/18	南	2012年	7037元/平米
求购市区二手房		巩义市区-中心	住宅	3室2厅1卫	1平米	简单装修	/	0	0年	面议/平米
畜牧局家属院3室2厅149平方，出售		巩义市区-中心	住宅	3室2厅1卫	149平米	简单装修	2/6		2010年	5034元/平米
首付只要25万龙泉花园3室2厅	龙泉花园	巩义市区-中心	住宅	3室2厅1卫	123平米	中等装修	/	南北向	0年	6667元/平米
出售拖厂家属楼3室21.5万元价格便宜		巩义市区-中心	住宅	3室1厅1卫	63平米	简单装修	4/5	南北向	1995年	3413元/平米
盛威·凯旋门3室1厅1卫58万元		巩义东区-中心	住宅	3室1厅1卫	93平米	毛坯	12/20	西南向	2013年	6237元/平米
煤炭公司家属楼2室2厅1卫22万元		巩义市区-中心	住宅	2室2厅1卫	75.5平米	简单装修	2/7	南北向	1998年	2914元/平米
有证！可分期！宇华232平五室两厅电梯复式！	宇华名苑	巩义东区-中心	住宅	5室2厅3卫	232平米	毛坯	6/7		2007年	6034元/平米
正大房产出售！锦江国际花园3室2厅1卫62万元	锦江国际花园	巩义东区-中心	住宅	3室2厅1卫	102平米	简单装修	中/6	朝南	2010年	6078元/平米
世博一品城89平精装两室只要61万		巩义东区-周边	住宅	2室2厅1卫	89平米	豪华装修	4/18	朝南	2015年	6854元/平米
首付27万！龙泉花园！160平精装三室！看房电联	龙泉花园	巩义市区-中心	住宅	3室2厅2卫	150平米	中等装修	中/	南北向z	2012年	6000元/平米
北山口西义兴店后教师家属院		北山口镇-镇中心	住宅	3室1厅1卫	105平米	简单装修	5/6	南北	2000年	2190元/平米
锦江花园一楼三室两厅毛坯均价5000左右一次性付款	锦江国际花园	巩义东区-中心	住宅	3室2厅2卫	132平米	毛坯	1/16	南北	2010年	5076元/平米
低价出售陇海路家属院三室两厅一卫127平米32万中等装修		巩义市区-中心	住宅	3室2厅1卫	127平米	简单装修	6/7	南北	2000年	2520元/平米
龙泉花园20楼150平	龙泉花园	巩义市区-中心	住宅	4室2厅2卫	150平米	毛坯	20/26	南北	2012年	6467元/平米
名仕豪居二期，1#楼8层，116平方米、可分期	名仕豪居	巩义市区-周边	住宅	3室2厅1卫	116平米	毛坯	8/26	南北	2015年	5000元/平米
出售浪漫新城 四室二厅两卫 毛坯房 双梯双气 按揭已还完	朗曼新城	巩义东区-中心	住宅	4室2厅2卫	175平米	毛坯	中/26	南北	2015年	6571元/平米
畜牧局家属院3室2厅 149平方，出售。		巩义市区-中心	住宅	3室2厅1卫	149平米	中等装修	2/6	南北	2000年	5034元/平米
明阳花园房屋出售	明阳花园	巩义市区-中心	住宅	5室2厅2卫	189平米	中等装修	6/6	南北	2005年	3810元/平米
业主急售 世博一品城 婚房装修 直升7小九年制教育 首付45	世博一品城	巩义东区-中心	住宅	3室2厅2卫	124平米	豪华装修	高/18	南北	2015年	6371元/平米
35万有证可过户，开普小区3室	开普小区北区	巩义市区-中心	住宅	3室1厅1卫	89平米	简单装修	4/6	南北	2006年	3933元/平米
首付仅需17万城市嘉苑精装修两室 有证可分期	城市嘉苑	巩义市区-中心	住宅	3室2厅2卫	90平米	豪华装修	中/18	南北	2013年	6111元/平米
出售市区电梯新房三室双气 45万	宇华苑小区	巩义市区-中心	住宅	3室1厅1卫	103平米	简单装修	低/26	南北	2014年	4369元/平米
鼎泰花园 三室两厅，毛坯现房 可改名！140平，49万！	鼎泰花苑	巩义市区-中心	住宅	3室2厅2卫	140平米	毛坯	5/6	南北	2010年	3500元/平米
和平花园 128平 三室 35万	和平花园	巩义市区-中心	住宅	3室2厅1卫	128平米	简单装修	6/7	南北	2005年	3438元/平米
出售建设路交警队102平3楼三室33万有证可过户		巩义市区-中心	住宅	3室2厅1卫	102平米	毛坯	3/6	南北	1995年	3235元/平米
和平花园 精装修三房 送家具家电 总价低需全款 看房随时方便	和平花园	巩义市区-中心	住宅	3室2厅1卫	125平米	豪华装修	高/15	南	2009年	4400元/平米
出售宇华小区130平精装三室 45万	宇华苑小区	巩义市区-中心	住宅	3室2厅2卫	130平米	豪华装修	4/6	南北	2002年	3462元/平米
恒星花园 3室2厅2卫 楼层号 仅82W	恒星皇家花园	巩义东区-中心	住宅	3室2厅2卫	121平米	毛坯	低/26	南北	2016年	6777元/平米
东方现代城南苑 毛坯现房 2室2厅 仅49W	东方现代城南苑	巩义东区-中心	住宅	2室2厅1卫	95平米	毛坯	低/19	南	2015年	5158元/平米
出售家福园141平方三室两厅两卫83万		巩义东区-中心	住宅	3室2厅2卫	141平米	毛坯	3/18	西	0年	5887元/平米
和平花园 精装修三房 送家具家电 总价低需全款 看房随时方便	和平花园	巩义市区-中心	住宅	3室2厅1卫	125平米	豪华装修	高/15	南	2009年	4400元/平米
开普小区北苑 复式套房 4室3厅2卫 中装 带家具家电	开普小区北区	巩义市区-中心	住宅	4室3厅2卫	170平米	毛坯	5/6	南北	2004年	3471元/平米
恒星花园 3室2厅2卫 楼层号 仅82W	恒星皇家花园	巩义东区-中心	住宅	3室2厅2卫	121平米	毛坯	低/26	南北	2016年	6777元/平米
东方现代城南苑 毛坯现房 2室2厅 仅49W	东方现代城南苑	巩义东区-中心	住宅	2室2厅1卫	95平米	毛坯	低/19	南	2015年	5158元/平米
有证首付30万龙泉花苑150平四室有钥匙随时看房	龙泉花园	巩义市区-中心	住宅	4室2厅2卫	150平米	毛坯	高/26	南北	2012年	6000元/平米
东方现代城北苑 毛坯现房 2室2厅 54W	东方现代城北苑	巩义东区-中心	住宅	2室2厅1卫	95平米	毛坯	高/18	南	2016年	5684元/平米
出售祥云小区三室二厅二卫毛坯现房	祥云小区	巩义东区-中心	住宅	3室2厅2卫	142.1平米	毛坯	中/18	南	2013年	6685元/平米
四初隔壁开普四楼出售有证能过户	开普小区北区	巩义市区-中心	住宅	3室1厅1卫	90平米	简单装修	4/6	南北	1995年	3889元/平米
急售开普新苑电梯双气2室采光超好看房随时	开普新苑	巩义市区-中心	住宅	2室2厅1卫	97平米	简单装修	高/18	南	2010年	5155元/平米
出售育英街123平套房精装修45万45万急售婚房装修	海盛花园	巩义市区-中心	住宅	3室2厅1卫	123平米	豪华装修	中/7	南北	2000年	4472元/平米
新兴路 水苑小区南苑 多层2楼三房 双气 有证可过户	水苑小区南区	巩义市区-中心	住宅	3室2厅1卫	89平米	豪华装修	低/6	南北	1996年	3596元/平米
和平花园 128平 三室 35万	和平花园	巩义市区-中心	住宅	3室2厅2卫	128平米	简单装修	6/7	南北	2005年	3438元/平米
只需28万，有证可过户，鸿福苑对面103平小三室	鸿福园	巩义市区-中心	住宅	3室1厅1卫	103平米	简单装修	5/6	东西	1995年	2718元/平米
和协花园有证可分期优质房源均价低	和协花园	巩义东区-中心	住宅	3室2厅1卫	136平米	简单装修	低/18	南北	2010年	6250元/平米
出售市区中心05年次新房三室毛坯有证可分期价格便宜	拖厂南苑	巩义市区-中心	住宅	3室2厅2卫	127平米	毛坯	4/6	南北	2006年	5197元/平米
锦江国际花园 电梯洋房三室两厅两卫 单价4860 超性价比	锦江国际花园	巩义东区-中心	住宅	3室2厅2卫	142平米	毛坯	6/7	南北	2013年	4859元/平米
有证能分期学区房中间好楼层	华树世家	巩义市区-中心	住宅	3室2厅2卫	127平米	中等装修	6/3		0年	6614元/平米
民族饭店西侧房屋出售	安置小区	北山口镇-镇中心	住宅	2室2厅1卫	90平米	豪华装修	4/5	南北通透	12年	2778元/平米
【锦豪园】大三房	锦豪园商住区	巩义市区-中心	住宅	3室2厅2卫	147.6平米	中等装修	3/7		0年	面议/平米
【桐本路市医院家属楼】二门诊市医院家属楼	桐本路市医院家属楼	巩义市区-周边	住宅	3室1厅1卫	96平米	简单装修	4/5	南北	0年	2292元/平米
【杜甫路工行家属楼】急售杜甫路工行家属楼	杜甫路工行家属楼	巩义市区-周边	住宅	3室1厅1卫	100平米	简单装修	6/6		0年	2000元/平米
【电磁厂家属院】电磁厂家属院 3室2厅1卫 110㎡		巩义市区-周边	住宅	3室2厅1卫	110平米	简单装修	2/5	南	30年	1818元/平米
【鑫源小区】鑫源小区 4室2厅2卫 180㎡	鑫源小区	巩义市区-中心	住宅	4室2厅2卫	180平米	简单装修	5/7	南北	16年	2111元/平米
南北通透，新装一天没住，稀有户型 两室两厅一卫！	东方现代城南苑	巩义东区-中心	住宅	2室2厅1卫	95平米	简单装修	低/26	南北	2014年	6526元/平米
售市区毛坯房电梯房，光147平，45万，光线好，位置好，急售		巩义市区-中心	住宅	3室2厅2卫	147平米	毛坯	中/11	南北	2013年	3061元/平米
售货场路三室精装步梯2楼有证可分期	锦豪园商住区	巩义市区-中心	住宅	3室2厅2卫	117平米	简单装修	2/6	东	2002年	5983元/平米
市区好位置精装修拎包住全款34买三房人民东路		巩义市区-中心	住宅	3室1厅1卫	93平米	豪华装修	5/7	南北	1996年	3656元/平米
精装修一次性明阳花园两室两厅一卫116平，仅售38万！	明阳花园	巩义市区-中心	住宅	2室2厅1卫	116平米	豪华装修	5/7	南北	2008年	3276元/平米
出售东区91平小三室毛坯房	盛威凯旋门	巩义东区-中心	住宅	3室1厅1卫	91平米	毛坯	高/20	南北	2009年	5495元/平米
售锦豪园双气步梯3楼简装全款一口价45万	锦豪园商住区	巩义市区-中心	住宅	3室2厅2卫	140平米	简单装修	4/6	东	2002年	3214元/平米
出售：星月一期毛坯三室套房手续齐全可以过户		巩义市区-中心	住宅	3室2厅2卫	128平米	毛坯	5/6	南北	2007年	4297元/平米
朗曼新城 首付29W 毛坯两室 户型好 单价低 中间楼层	朗曼新城	巩义东区-中心	住宅	2室2厅1卫	80平米	毛坯	中/26	南	2016年	6250元/平米
出售森海玉波苑三室二厅二卫	森海玉波苑东区	巩义东区-中心	住宅	3室2厅2卫	143.1平米	豪华装修	低/7	南北	2013年	7477元/平米
出售三室二厅二卫简装现房	海盛花园	巩义市区-中心	住宅	3室2厅2卫	120.5平米	简单装修	中/7	南北	2008年	6224元/平米
出售东方现代城有证可分期。	东方现代城南苑	巩义东区-中心	住宅	3室2厅2卫	134平米	简单装修	中/18	西	2010年	5672元/平米
求购房子	浪漫	巩义市区-中心	住宅	3室2厅1卫	120平米	中等装修	/	采光好	10年	面议/平米
出售东方现代城北苑毛坯房两室两厅	东方现代城北苑	巩义东区-中心	住宅	2室2厅1卫	91平米	毛坯	16/17	南	1年	6154元/平米
急售大首领5楼有证能分期	大首领	巩义市区-中心	住宅	3室2厅2卫	125平米	中等装修	5/7	西	0年	6000元/平米
出售华树世家140平方三室两厅两卫88万有证能分期	华树世家	巩义市区-中心	住宅	3室2厅2卫	140平米	豪华装修	3/6		0年	6286元/平米
急售水务公司家属楼小三室电梯双气	水务公司家属楼	巩义市区-中心	住宅	3室1厅1卫	102平米	毛坯	8/22		0年	4412元/平米
急售明阳花园三楼三室两厅140平方有证能分期		巩义市区-中心	住宅	3室2厅2卫	140平米	中等装修	3/6	东	10年	5357元/平米
汽车站家属楼 精装两室 仅26		巩义市区-中心	住宅	2室2厅1卫	90平米	豪华装修	5/6	南北	2000年	2889元/平米
人民东路142平 豪华装修 只要48万	华英大厦	巩义市区-中心	住宅	3室2厅2卫	142平米	豪华装修	4/7	南	2000年	3380元/平米
森海玉波苑89平精装两室有证可过户出售	森海玉波苑东区	巩义东区-中心	住宅	2室2厅1卫	89平米	中等装修	低/18	南	2013年	6517元/平米
钢苑新区电梯房小3室出售需全款50万电梯房		巩义市区-中心	住宅	3室1厅1卫	92平米	毛坯	中/12	南北	2010年	5435元/平米
售宇华中央名苑一期精装好楼层有证可分期	宇华名苑	巩义东区-中心	住宅	3室2厅2卫	154平米	豪华装修	中/12	南北	2012年	6948元/平米
宋陵公园东门口有证四楼三室出售		巩义市区-中心	住宅	3室2厅1卫	120平米	简单装修	5/6	东南	1998年	3333元/平米
出售宇华小区130平精装三室 45万	宇华苑小区	巩义市区-中心	住宅	3室2厅2卫	130平米	豪华装修	5/6	南北	2002年	3462元/平米
世博一品城 双气三室 精装修 首付47W 欲购从速	世博一品城	巩义东区-中心	住宅	3室2厅2卫	124平米	豪华装修	高/28	南北	2014年	6395元/平米
世博一品城，可分期，首付48	世博一品城	巩义东区-中心	住宅	3室2厅2卫	124平米	毛坯	低/18	南北	2015年	6774元/平米
售锦豪园三室双气步梯中层140平一口价45万	锦豪园商住区	巩义市区-中心	住宅	3室2厅2卫	140平米	简单装修	中/6	东	2005年	3214元/平米
急售尚城华府楼王好楼层三室两厅两卫133平方	尚城华府	巩义东区-中心	住宅	3室2厅2卫	133平米	毛坯	12/18	东	8年	7068元/平米
正和紫荆城133平可走一手房可公积金商贷	正和紫荆城	巩义东区-中心	住宅	3室2厅2卫	134平米	毛坯	中/26	南北	2017年	6567元/平米
售清河湾小三室双气电梯精装套房	清河湾	巩义市区-中心	住宅	3室1厅1卫	95平米	豪华装修	高/18	南	2015年	6316元/平米
中孚花园三室两厅两卫92万	中孚花园	巩义市区-中心	住宅	3室2厅2卫	139平米	豪华装修	高/29	南	2013年	6619元/平米
中原西路绕城高速10号线	东润玺城	巩义东区-周边	住宅	3室2厅1卫	88平米	中等装修	6/23	向南	70年	8750元/平米
出售金属新区（菜市场）三室二厅二卫		巩义市区-中心	住宅	3室2厅2卫	147平米	中等装修	5/7	南北	2000年	3946元/平米
出售新华路一级商圈民和苑套房		巩义市区-中心	住宅	2室2厅1卫	103平米	中等装修	低/6	南北	2002年	7670元/平米
新兴家园二期 4500/平 双气电梯房		巩义东区-中心	住宅	4室2厅2卫	155.9平米	毛坯	8/16	坐北朝南	1年	面议/平米
急售紫荆花园双气三室两厅两卫有证能分期	紫荆花园	巩义市区-中心	住宅	3室2厅2卫	143平米	简单装修	5/6		0年	4965元/平米
星月一期	星月一期	巩义市区-中心	住宅	3室2厅2卫	130平米	豪华装修	4/6		0年	5692元/平米
东区盛威凯旋门	盛威凯旋门	巩义东区-中心	住宅	3室1厅1卫	93平米	毛坯	/		年	面议/平米
出售建业壹号城邦2号楼一单元14楼两室毛坯带车位	建业壹号城邦	巩义东区-中心	住宅	2室2厅1卫	89平米	毛坯	/		年	6966元/平米
东区颐豪园套房出售	颐豪园	巩义东区-中心	住宅	3室2厅2卫	140平米	简单装修	/		年	5000元/平米
限期1个月抢购建业1号城邦现房	建业壹号城邦	巩义东区-中心	住宅	3室2厅1卫	121平米	毛坯	32/33		年	6398元/平米
出售大首领有证可分期  首付最低 25万左右就行	大首领	巩义市区-中心	住宅	3室2厅2卫	124平米	简单装修	5/6	南北	2009年	6129元/平米
出售大首岭3室精装修套房有证可分期首付23万元	大首领	巩义市区-中心	住宅	3室2厅2卫	120平米	中等装修	5/6	南北	2008年	6333元/平米
杜甫像汽车总站家属楼	汽车站家属楼	巩义市区-中心	住宅	2室1厅1卫	75平米	简单装修	3/6	坐西向东户	12年	4000元/平米
出售鑫源小区3室2厅1卫150平方精装47万	鑫源小区	巩义市区-中心	住宅	3室2厅1卫	150平米	中等装修	4/6		0年	3133元/平米
出售家福园两室两厅毛坯101平方62万	家福园	巩义东区-中心	住宅	2室2厅1卫	101平米	毛坯	8/21		0年	6139元/平米
明阳花园三室两厅一卫		巩义市区-周边	住宅	3室2厅1卫	135平米	简单装修	7/1		0年	4889元/平米
宇华名苑153平		巩义东区-周边	住宅	3室2厅2卫	153平米	中等装修	9/2		0年	7190元/平米
家福园两室两厅一卫		巩义东区-中心	住宅	2室2厅1卫	100平米	中等装修	16/7	南	0年	7000元/平米
清河湾双气电梯房  三室一厅	清河湾	巩义市区-中心	住宅	3室1厅1卫	95平米	简单装修	14/18	南	5年	6421元/平米
浪漫新城祥和嘉园两室两厅一卫		巩义东区-中心	住宅	2室2厅1卫	91平米	毛坯	26/30		0年	4945元/平米
中孚花苑三室两厅两卫92万走一手手续直接办证	中孚花苑	巩义市区-中心	住宅	3室2厅2卫	138平米	中等装修	24/28		0年	6667元/平米
出售		巩义市区-中心	住宅	2室1厅1卫	60平米	简单装修	3/5	南北通透	28年	3500元/平米
售楼部一手房，正和紫荆城可分期3室2厅2卫	正和紫荆城	巩义东区-中心	住宅	3室2厅2卫	133平米	毛坯	底/26	南北	2015年	5865元/平米
均价6500 建业壹号城邦 可分期首付47万 好 楼层	建业壹号城邦	巩义东区-中心	住宅	3室2厅2卫	141平米	毛坯	中/33	南北	2016年	6525元/平米
清河湾精装地暖阳光三房仅售63万	清河湾	巩义市区-中心	住宅	3室1厅1卫	95平米	中等装修	高/16	南北	2013年	6632元/平米
天玺华府 小三室 带车位	天玺华府	巩义东区-中心	住宅	3室2厅1卫	89平米	毛坯	底/26	南北	2016年	6742元/平米
首付15万！有证可分期！地税局旁边 采光好 中间楼层		巩义市区-周边	住宅	3室2厅2卫	128平米	简单装修	4/6	南北	2208年	3359元/平米
出售：出售家福园3室毛坯现房价格便宜仅限全款。	家福园	巩义东区-中心	住宅	3室2厅2卫	140.38平米	毛坯	底/22	南北	2011年	5699元/平米
陇海花园 精装空房 3室2厅2卫 有证可分期	陇海花苑	巩义市区-中心	住宅	3室2厅2卫	128平米	豪华装修	底/6	南北	2008年	5625元/平米
建业壹号城邦121平方毛坯现房可分期，首付44万	建业壹号城邦	巩义东区-中心	住宅	3室2厅1卫	121平米	毛坯	中/26	南	2014年	6777元/平米
世博一品城83万出售中间楼层3室可分期首付49万	世博一品城	巩义东区-中心	住宅	3室2厅2卫	124平米	简单装修	中/26	南北	2012年	6694元/平米
恒星花园出售准现房低首付36万总价82万	恒星皇家花园	巩义东区-中心	住宅	3室2厅2卫	133平米	毛坯	高/33	南北	2017年	6165元/平米
有证可分期，首付20来万，现代城121平，拎包入住	东方现代城南苑	巩义东区-中心	住宅	3室2厅2卫	121平米	中等装修	高/18	东北	2008年	6446元/平米
三小对面学区房有证可过户40万	三小对面学区房	巩义市区-中心	住宅	3室1厅1卫	110平米	简单装修	2/6		0年	3636元/平米
恒星皇家花园三室	恒星皇家花园	巩义东区-中心	住宅	3室2厅1卫	113平米	毛坯	26/22		0年	7345元/平米
东方现代城北苑三室两厅两卫86万	东方现代城北苑	巩义东区-中心	住宅	3室2厅2卫	135平米	毛坯	26/10		0年	6370元/平米
出售世博领秀城三室简装中间楼层南北通透可分期	世博领秀城	巩义市区-中心	住宅	3室2厅2卫	138平米	简单装修	中/18	南北	2014年	6957元/平米
首付22万 可分期 东方现代城 稀 缺 小三室 要的速度	东方现代城南苑	巩义东区-中心	住宅	3室2厅1卫	113平米	毛坯	底/18	南北	2009年	6018元/平米
需要全款 均价4580电梯房 可改名 南北通透户型 随时看房	卓泰江南城	巩义市区-中心	住宅	3室2厅2卫	137平米	毛坯	高/7	南北	2011年	4599元/平米
豪邦家园套房出售 有证可过户	豪邦家园	巩义市区-中心	住宅	3室2厅2卫	135平米	简单装修	中/7	南北	2010年	3778元/平米
森海玉波苑 小3室 有证可过户	森海玉波苑东区	巩义东区-中心	住宅	3室2厅1卫	97平米	简单装修	高/6	西北	2010年	5567元/平米
巩义市人民西路172号 3室2厅1卫		巩义市区-中心	住宅	3室2厅1卫	140平米	中等装修	5/7	南北	2000年	3286元/平米
渉村獒园对面 3室2厅2卫		涉村镇-镇中心	住宅	3室2厅2卫	125平米	毛坯	中/7	南北	2014年	1440元/平米
博物馆对面 里沟 3室2厅1卫		巩义市区-周边	住宅	3室2厅1卫	120平米	中等装修	2/3	东南	2000年	2167元/平米
开普小区北区 3室1厅1卫	开普小区北区	巩义市区-中心	住宅	3室1厅1卫	92平米	简单装修	4/6	南北	2006年	5652元/平米
南环路电业局 3室1厅1卫 120平米		巩义市区-周边	住宅	3室1厅1卫	120平米	简单装修	高/7	南	2000年	2083元/平米
汽车站家属院 2室1厅1卫		巩义市区-中心	住宅	2室2厅1卫	80平米	简单装修	5/6	南	2000年	3125元/平米
阳光医院南苑小区 3室2厅25万出售		巩义市区-中心	住宅	3室2厅1卫	120平米	中等装修	6/6	南	2000年	2083元/平米
朗曼新城 1室1厅1卫	朗曼新城	巩义东区-中心	住宅	1室1厅1卫	45平米	毛坯	中/18	南北	2012年	6000元/平米
出售朗曼新城一期五号楼 3室2厅2卫	朗曼新城	巩义东区-中心	住宅	3室2厅2卫	138平米	毛坯	高/28	东	2013年	6884元/平米
锦江国际花园三室精装现房出售	锦江国际花园	巩义东区-中心	住宅	3室2厅2卫	132平米	豪华装修	底/12	南北	2010年	5909元/平米
鸿运嘉苑 中间楼层 拎包入住带电梯	锦江国际花园	巩义东区-中心	住宅	2室2厅1卫	102平米	豪华装修	高/11	南北	2010年	5784元/平米
恒星花园出售准现房低首付36万总价82万	恒星皇家花园	巩义东区-中心	住宅	3室2厅2卫	133平米	毛坯	高/33	南北	2017年	6165元/平米
新华路工贸公司家属楼35万	工贸公司家属楼	巩义市区-中心	住宅	3室2厅1卫	110平米	简单装修	5/6		0年	3182元/平米
星月一期三室两厅两卫74万		巩义市区-中心	住宅	3室2厅2卫	130平米	中等装修	4/6		0年	5692元/平米
明阳花园三室两厅两卫66万有证能分期	明阳花园	巩义市区-中心	住宅	3室2厅2卫	135平米	简单装修	1/6		0年	4889元/平米
有证可分期！六小学区房！森海143平三室！	森海玉波苑西区	巩义东区-中心	住宅	3室2厅2卫	143平米	中等装修	1/8	南北	2012年	7483元/平米
海盛花园3室2厅2卫85万元有证可分期	海盛花园	巩义市区-中心	住宅	3室2厅2卫	128平米	豪华装修	5/6	南北	2009年	6641元/平米
出售世博领秀城四室可分期	世博领秀城	巩义市区-中心	住宅	4室2厅2卫	177平米	毛坯	13/15	南北	2014年	5876元/平米
森海玉波苑房产证首付36万3室2厅2卫110万元	森海玉波苑西区	巩义东区-中心	住宅	3室2厅2卫	143平米	中等装修	6/12		2011年	7692元/平米
出售世博一品城129平简装三室可分期！	世博一品城	巩义东区-中心	住宅	3室2厅2卫	129平米	简单装修	底/26	南北	2015年	6744元/平米
明阳花园  首付18万 即可拎包入住房	明阳花园	巩义市区-中心	住宅	4室2厅2卫	189平米	豪华装修	高/6	南北	2005年	2910元/平米
清河湾 小三室 可拎包入住	清河湾	巩义市区-中心	住宅	3室1厅1卫	95平米	简单装修	高/18	南	2013年	6105元/平米
有证可分期，首付20来万，现代城121平，拎包入住	东方现代城北苑	巩义东区-中心	住宅	3室2厅2卫	121平米	简单装修	高/18	南北	2008年	6446元/平米
明阳花园三室 送一个平台 价位合理 拎包入住 介意顶楼勿扰	明阳花园	巩义市区-中心	住宅	3室1厅1卫	116平米	简单装修	7/7	南北	2008年	3190元/平米
双气 有证 五楼 卖24万超划算价	水苑小区南区	巩义市区-中心	住宅	3室1厅1卫	85平米	简单装修	5/5	南北	1990年	2824元/平米
首付18万，建业壹号城邦2室2厅，带大露台	建业壹号城邦	巩义东区-中心	住宅	2室2厅1卫	86.17平米	毛坯	高/26	南北	2015年	5570元/平米
有证可分期！首付17万！星月对面！100平简装三室！双气小区	拖厂南苑	巩义市区-中心	住宅	3室1厅1卫	100平米	简单装修	高/6	南北	2006年	5400元/平米
售楼部一手房，正和紫荆城可分期3室2厅2卫	正和紫荆城	巩义东区-中心	住宅	3室2厅2卫	133平米	毛坯	底/26	南北	2015年	5865元/平米
卓泰江南城  需要全款 均价4580电梯房 可改名 南北通透户型 随时看房	卓泰江南城	巩义市区-中心	住宅	3室2厅2卫	137平米	毛坯	高/7	南北	2011年	4599元/平米
森海玉波苑 小3室 有证可过户	森海玉波苑西区	巩义东区-中心	住宅	3室2厅1卫	97平米	简单装修	高/6	南北	2010年	5567元/平米
世博一品城83万出售中间楼层3室可分期首付49万	世博一品城	巩义东区-中心	住宅	3室2厅2卫	124平米	简单装修	中/26	南北	2012年	6694元/平米
出售滨河花苑精装两室售价55万急售	滨河花苑	巩义东区-中心	住宅	2室2厅1卫	90平米	豪华装修	高/6	南北	2006年	6111元/平米
出售市区电梯精装三室 双气入户 中间楼层 南北通透	华树世家	巩义市区-中心	住宅	3室2厅2卫	118平米	豪华装修	中/11	南北	2009年	5763元/平米
出售清河湾三室两厅一卫 全款可改名字	清河湾	巩义市区-中心	住宅	3室2厅1卫	96平米	毛坯	中/18	南北	2015年	5104元/平米
首付18万，建业壹号城邦2室2厅，带大露台	建业壹号城邦	巩义东区-中心	住宅	2室2厅1卫	86.17平米	毛坯	高/28	南北	2015年	5570元/平米
3900一平方 首付21万 有证可分期 陇海复式 超好采光	陇海花苑	巩义市区-中心	公寓	5室3厅3卫	176平米	毛坯	高/6	南北	2007年	3977元/平米
有证可过户豪邦家园135平 家电齐全	豪邦家园	巩义市区-中心	住宅	3室2厅2卫	135平米	简单装修	中/7	南北	2004年	3852元/平米
出售滨河花园毛坯两室有证能分期	滨河花苑	巩义东区-中心	住宅	2室2厅1卫	93.2平米	毛坯	高/6	南北	2008年	4828元/平米
天玺华府 小三室 带车位		巩义东区-中心	住宅	3室2厅1卫	89平米	毛坯	底/26	南北	2016年	6742元/平米
有证，滨河三室两厅 97平，拎包入住！	滨河花苑	巩义东区-中心	住宅	3室2厅1卫	97平米	简单装修	底/11	南北	2004年	6186元/平米
朗曼新城 新装修现房	朗曼新城	巩义东区-中心	住宅	3室2厅2卫	136平米	豪华装修	高/30	南北	2017年	8824元/平米
世博一品城 中间楼层 采光超好房型正气 首付55万 看房随时	世博一品城	巩义东区-中心	住宅	3室2厅2卫	124平米	毛坯	低/26	东	2016年	6694元/平米
双气 有证 精装房出售		巩义市区-中心	住宅	4室2厅1卫	113平米	豪华装修	高/6	东南	1995年	4071元/平米
售楼部一手房，正和紫荆城可分期3室2厅2卫	正和紫荆城	巩义东区-中心	住宅	3室2厅2卫	133平米	毛坯	低/26	南北	2016年	5865元/平米
宋陵公园东门口有证四楼三室出售		巩义东区-中心	住宅	3室2厅1卫	120平米	简单装修	中/6	东南	1998年	3333元/平米
出售拖厂南苑 三室两厅 简单装修 全款	拖厂南苑	巩义市区-中心	住宅	3室2厅1卫	100平米	简单装修	/	东	2010年	4200元/平米
出售宇华小区130平精装三室 45万		巩义市区-周边	住宅	3室2厅2卫	130平米	豪华装修	中/6	南北	2002年	3462元/平米
星月二期住房5600元/㎡低价出售		巩义市区-中心	住宅	3室2厅2卫	152平米	毛坯	15/28	南北	2010年	5592元/平米
桐本路家具日杂公司家属楼 四房 可随时过户		巩义东区-中心	住宅	4室2厅2卫	133平米	简单装修	4/6		年	2556元/平米
桐本路江南城	卓泰江南城	巩义市区-中心	住宅	4室2厅2卫	140平米	豪华装修	/	南北	2010年	面议/平米
出售浪漫新城 四室二厅两卫 毛坯房 双梯双气 按揭已还完	朗曼新城	巩义东区-中心	住宅	4室2厅2卫	175平米	毛坯	26/32	南北	2013年	6571元/平米
限期1个月抢购建业1号城邦现房	建业壹号城邦	巩义东区-中心	住宅	3室2厅2卫	121平米	毛坯	32/33	南北	2013年	6398元/平米
森海玉波苑 小3室 有证可过户	森海玉波苑西区	巩义东区-中心	住宅	3室2厅1卫	97平米	简单装修	3/6		2010年	5567元/平米
锦江国际花园 可分期！132平精装修三室两厅两卫！76万！	锦江国际花园	巩义东区-中心	住宅	3室2厅2卫	132平米	豪华装修	底/12	南北	2010年	5758元/平米
有证可分期，现代城两室，首付18万，拎包入住	东方现代城北苑	巩义东区-中心	住宅	2室2厅1卫	95平米	豪华装修	中/26	南北	2010年	6105元/平米
出售桦树世家半地下室一间	华树世家	巩义市区-中心	住宅	1室0厅0卫	20平米	简单装修	-1/6	南	2008年	3000元/平米
鸿运嘉苑小区大三房出售		巩义东区-中心	住宅	3室2厅2卫	150平米	毛坯	2/7	南北	2010年	6000元/平米
东区东润峰景97平现房精装修	东润峰景	巩义东区-中心	住宅	2室2厅1卫	96.32平米	豪华装修	0/0	南北	2015年	面议/平米
急售杜甫路工行家属楼		巩义市区-周边	住宅	3室1厅1卫	100平米	简单装修	6/6		年	面议/平米
诚售华树世家3楼3室2厅2卫144平方	华树世家	巩义市区-中心	住宅	3室2厅2卫	144平米	简单装修	3/6		2005年	5694元/平米
文化街有房产证3室27万元		巩义市区-中心	住宅	3室1厅1卫	110平米	简单装修	5/6	南北	2000年	2455元/平米
教委家属楼3室29万元有证！新装！带露台		巩义东区-中心	住宅	3室1厅1卫	90平米	简单装修	2/4	南北	1991年	3222元/平米
德丰·香榭里2室1厅1卫57万元	德丰香榭里	巩义市区-中心	住宅	2室1厅1卫	78.48平米	中等装修	14/22	南北	2014年	7263元/平米
首付25！！豪华复式洋房！！华树世家	华树世家	巩义市区-中心	住宅	5室3厅3卫	175平米	中等装修	5/6	南北	2000年	5029元/平米
常庄小区3室2厅1卫31万元		巩义市区-中心	住宅	3室2厅1卫	106平米	简单装修	4/6	南北	1996年	2925元/平米
智慧苑3室1厅1卫28万元	智慧苑	巩义市区-中心	住宅	3室1厅1卫	99平米	简单装修	7/7	南北	2000年	2828元/平米
南环路电业局 3室1厅1卫 120平米		巩义市区-周边	住宅	3室1厅1卫	120平米	简单装修	高/7	南北	2000年	2083元/平米
巩义市人民西路172号 3室2厅1卫		巩义市区-中心	住宅	3室2厅1卫	140平米	中等装修	4/7	南北	2000年	3286元/平米
商城华府 毛坯 三室 中间楼层 纯南户型	尚城华府	巩义东区-中心	住宅	3室2厅1卫	115平米	毛坯	底/18	南	2014年	5913元/平米
出售陇海花园三室简装南北通透价格便宜有证可分期	陇海花苑	巩义市区-中心	住宅	3室2厅2卫	128平米	简单装修	2/6	南北	2005年	5313元/平米
星月广场旁 德丰香榭里 双气两房 有证 随时过户62万	德丰香榭里	巩义市区-中心	住宅	2室2厅1卫	92平米	毛坯	8/27	南北	2011年	6739元/平米
恒星皇家花园5室2厅2卫112万元一次性！	恒星皇家花园	巩义东区-中心	住宅	5室2厅2卫	200平米	毛坯	中/20	南北	2011年	5600元/平米
世博一品城2室2厅1卫56万元一次性付款	世博一品城	巩义东区-中心	住宅	2室2厅1卫	85平米	毛坯	/	南	2014年	6588元/平米
恒星皇家花园3室2厅2卫91万元可分期	恒星皇家花园	巩义东区-中心	住宅	3室2厅2卫	131平米	毛坯	中/27	东	2012年	6947元/平米
世博一品城3室2厅2卫84万元分期首付48w	世博一品城	巩义东区-中心	住宅	3室2厅2卫	124平米	毛坯	中/20	南	年	6774元/平米
大首领3室2厅2卫82万元	大首领	巩义市区-中心	住宅	3室2厅2卫	127平米	中等装修	3/6	南北	2005年	6457元/平米
出售物资大世界计委家属院五楼三室两厅		巩义市区-中心	住宅	3室2厅2卫	135平米	中等装修	高/6	南北	2000年	2222元/平米
出售东方现代城精装修两室有证可分期	东方现代城北苑	巩义东区-中心	住宅	2室2厅1卫	93平米	豪华装修	15/26	南北	2011年	6237元/平米
龙泉花园3室2厅首付25万，月供3000元+	龙泉花园	巩义市区-中心	住宅	3室2厅3卫	123平米	豪华装修	13/26	南北	2010年	6911元/平米
出售：华树世家精装修4室有证可分期	华树世家	巩义市区-中心	住宅	4室2厅2卫	143平米	中等装修	2/6	南北	2008年	5944元/平米
巩义德丰香榭里 1室1厅1卫 45平米	德丰香榭里	巩义市区-中心	住宅	1室1厅1卫	45平米	简单装修	中/27	南北	2010年	6000元/平米
郑州周边巩义东方现代城 3室2厅2卫 128平米	东方现代城北苑	巩义东区-中心	住宅	3室2厅2卫	128平米	简单装修	低/6	南北	2005年	5625元/平米
出售朗曼新城一期五号楼 3室2厅2卫	朗曼新城	巩义东区-中心	住宅	3室2厅2卫	138平米	毛坯	高/28	东	2012年	6884元/平米
盛隆购物广场金城大厦 3室2厅2卫	金城大厦	巩义市区-中心	住宅	3室2厅2卫	180平米	简单装修	8/16	南北	2008年	3500元/平米
急卖海盛花园一套房产三室精装有证可分期	海盛花园	巩义市区-中心	住宅	3室2厅2卫	136平米	简单装修	5/6	南北	2008年	6103元/平米
巩义朗曼新城 1室1厅1卫 53平米(准现房)	朗曼新城	巩义东区-中心	住宅	1室1厅1卫	53平米	毛坯	高/16	南北	2015年	6792元/平米
有证可分期！华树世家91平精装修复式小三室出售 53万！	华树世家	巩义市区-中心	住宅	3室2厅1卫	91平米	豪华装修	高/7	南北	2008年	5824元/平米
锦江国际花园 可分期！132平精装修三室两厅两卫！76万！	锦江国际花园	巩义东区-中心	住宅	3室2厅2卫	132平米	豪华装修	底/12	南北	2010年	5758元/平米
出售：星月一期毛坯三室套房手续齐全可以过户	中孚花园	巩义市区-中心	住宅	3室2厅2卫	128平米	毛坯	高/6	南北	2007年	4297元/平米
只要是三十万！ 有房产证 里沟小学对面 四室两天两卫出售 速	紫荆花园	巩义市区-中心	住宅	4室2厅2卫	148平米	豪华装修	高/6	南北	2004年	3243元/平米
售颐豪园，中等装修，楼层好，采光好，三室两厅，一梯两户，急售	颐豪园	巩义东区-中心	住宅	3室2厅2卫	147平米	简单装修	中/6	南北	2012年	3946元/平米
出售拖厂南苑 三室两厅 简单装修 全款	拖厂南苑	巩义市区-中心	住宅	3室2厅1卫	100平米	简单装修	高/6	东	2008年	4200元/平米
有证可分期首付25万陇海花园128平三室看房随时	陇海花苑	巩义市区-中心	住宅	3室2厅2卫	128平米	简单装修	底/6	南北	2018年	5625元/平米
出售东润峰景119平三室 毛坯现房 可分期		巩义东区-中心	住宅	3室2厅1卫	119平米	毛坯	中/26	南北	2015年	6723元/平米
出售三室两厅双卫学区电梯房	锦江国际花园	巩义东区-中心	住宅	3室2厅2卫	143平米	毛坯	7/13	南北	2011年	6993元/平米
星月附近出售套房4室2厅-一楼		巩义市区-中心	住宅	4室2厅2卫	130平米	简单装修	1/6	南北	2005年	3231元/平米
南河渡三室两厅两卫126平新房出售		河洛镇-镇中心	住宅	3室2厅2卫	126平米	毛坯	6/6	南北	2015年	952元/平米
出售森海玉波苑，双气，三室两厅一卫，一梯两户，户型好，公摊小	森海玉波苑东区	巩义东区-中心	住宅	3室2厅1卫	117平米	毛坯	/	南北	2013年	5812元/平米
新鑫小区 现房出售 电梯六楼 非顶楼		巩义东区-中心	住宅	3室2厅2卫	128平米	毛坯	/	南北	2016年	5313元/平米
宋陵公园东门口有证四楼三室出售		巩义市区-中心	住宅	3室2厅1卫	120平米	简单装修	中/6	东南	1998年	3333元/平米
精装修一次性明阳花园两室两厅一卫116平，仅售38万！	明阳花园	巩义市区-中心	住宅	2室2厅1卫	116平米	豪华装修	高/7	南北	2008年	3276元/平米
清河园 四室两厅电梯房 46万	清河湾	巩义市区-中心	住宅	4室2厅2卫	153平米	毛坯	中/11	南北	2014年	3529元/平米
出售商城华府115平毛坯三室随时看房！	尚城华府	巩义东区-中心	住宅	3室2厅1卫	115平米	毛坯	底/18	南北	2010年	5739元/平米
首付只要17万 森海玉波苑 稀 缺小三室 出售 介意顶楼勿扰	森海玉波苑东区	巩义东区-中心	住宅	3室2厅1卫	104平米	简单装修	6/6	南北	2011年	5385元/平米
出售陇海花园三室简装二楼有证可分期	陇海花苑	巩义市区-中心	住宅	3室2厅2卫	128平米	简单装修	底/6	南北	2005年	5625元/平米
浪漫新城别墅出售	朗曼新城	巩义东区-中心	别墅	8室4厅2卫	300平米	毛坯	1/3		年	7667元/平米
东区颐豪园	颐豪园	巩义东区-中心	住宅	3室2厅1卫	147平米	毛坯	20/14	南北	2013年	5034元/平米
东方现代城北苑8楼，精装修出售	东方现代城北苑	巩义东区-中心	住宅	2室2厅1卫	91平米	豪华装修	8/20	南北	2016年	7692元/平米
县医院对面金城大厦8楼便宜出售		巩义市区-中心	住宅	3室2厅2卫	180平米	简单装修	8/16	南北	年	3500元/平米
东区房子出售	紫荆花园	巩义东区-中心	住宅	4室2厅2卫	155平米	毛坯	6/7	南北	2000年	面议/平米
丹尼斯附近三居室低价出售		巩义市区-中心	住宅	3室1厅1卫	100平米	简单装修	5/6	南北	2005年	2100元/平米
新兴路两室一厅急售		巩义市区-中心	住宅	2室1厅1卫	70平米	中等装修	高层/6	南北	2000年	2571元/平米
限期1个月抢购建业1号城邦现房	建业壹号城邦	巩义东区-中心	住宅	3室2厅1卫	121平米	毛坯	32/33	南北	2016年	6398元/平米
翠提湾超大观景房 南北通透的户型	翠堤湾	巩义市区-中心	住宅	3室2厅2卫	135平米	豪华装修	高/17	南北	2014年	6074元/平米
明阳花园三期精装修三室二厅仅售38万	明阳花园	巩义市区-中心	住宅	3室2厅1卫	116平米	豪华装修	高/7	南北	2005年	3276元/平米
急售市区 新华小区小三室，有证可过户。全款32万	新华小区	巩义市区-中心	住宅	3室2厅1卫	98平米	简单装修	中层/6	南北	1995年	3265元/平米
卓泰江南城 带楼顶花园新装修房出售	卓泰江南城	巩义市区-中心	住宅	4室2厅1卫	120平米	简单装修	高层/6	南北	1996年	3500元/平米
出售:紫荆花园4室2厅，简装双气，复式套房，有证可分期	紫荆花园	巩义市区-中心	住宅	4室2厅2卫	163平米	简单装修	高层/7	南北	2004年	3988元/平米
出售东区三室简装空房双气南北通透价格便宜	滨河花苑	巩义东区-中心	住宅	3室2厅1卫	97平米	简单装修	低/11	南北	2004年	5979元/平米
市中心 146平 4室2厅 精装	中孚花园	巩义市区-中心	住宅	4室2厅1卫	146平米	豪华装修	中层/6	南北	2008年	4110元/平米
出售森海玉波苑，双气，三室两厅一卫，一梯两户，户型好，公摊小	森海玉波苑东区	巩义东区-中心	公寓	3室2厅1卫	117平米	毛坯	高层/11	南北	2013年	5812元/平米
拖厂南苑 127平 有证可分期		巩义市区-中心	公寓	3室2厅1卫	126平米	简单装修	高层/6	南北	2006年	4444元/平米
明阳花园三期精装修三室二厅仅售38万	明阳花园	巩义市区-中心	住宅	3室2厅1卫	116平米	豪华装修	高层/7	南北	2005年	3276元/平米
科技市场四楼三房有证120平仅40万	明阳花园	巩义市区-中心	公寓	3室2厅1卫	120平米	简单装修	中/7	南北	2003年	3333元/平米
好户型好楼层建业壹号城邦三室两厅两位140平首付45，92万	建业壹号城邦	巩义东区-中心	公寓	3室2厅2卫	140平米	毛坯	中层/33	南北	2017年	6571元/平米
出售东方现代城南苑一梯两户104平精装两室带家具家电首付21	东方现代城南苑	巩义东区-中心	公寓	2室2厅1卫	104平米	豪华装修	中/7	南北	2010年	6442元/平米
市中心 146平 4室2厅 精装	中孚花园	巩义市区-中心	住宅	4室2厅1卫	146平米	简单装修	/		年	4110元/平米
出售东方现代城南苑一梯两户104平精装两室带家具家电首付21	东方现代城南苑	巩义东区-中心	住宅	2室2厅1卫	104平米	中等装修	/		年	6442元/平米
出售桦树世家半地下室一间	华树世家	巩义市区-中心	其他	1室0厅0卫	20平米	简单装修	/		年	3000元/平米
和平东花园三室双气电梯房仅售57万	和平花园	巩义市区-中心	住宅	3室2厅2卫	128平米	中等装修	/		年	4453元/平米
有证可分期陇海花苑2室2厅精装修	陇海花苑	巩义市区-中心	住宅	2室2厅1卫	92平米	中等装修	/6		年	5652元/平米
出售交通路鑫源小区22万，通透3室	鑫源小区	巩义市区-中心	住宅	3室2厅1卫	128平米	简单装修	/		年	2344元/平米
售楼部一手房，正和紫荆城可分期3室2厅2卫	正和紫荆城	巩义东区-中心	住宅	3室2厅2卫	133平米	毛坯	/		年	5865元/平米
东区颐豪园	颐豪园	巩义东区-中心	住宅	3室2厅2卫	147平米	毛坯	14/18		年	5034元/平米
限期1个月抢购建业1号城邦现房	建业壹号城邦	巩义东区-中心	住宅	3室2厅1卫	121平米	毛坯	32/33		年	6398元/平米
南河渡三室两厅两卫126平新房出售	南河渡小区	河洛镇-镇中心	住宅	3室2厅2卫	126平米	毛坯	/		年	952元/平米
30万出售 新兴家园两室两厅一卫简单装修全款可改名字	新兴家园	巩义东区-中心	住宅	2室2厅1卫	91平米	简单装修	/		年	4286元/平米
出售滨河花苑精装两室售价55万急售	滨河花苑	巩义东区-中心	住宅	2室2厅1卫	90平米	中等装修	/		年	6111元/平米
豪邦家园套房出售 有证可过户	豪邦家园	巩义市区-中心	住宅	3室2厅2卫	135平米	中等装修	/		年	4296元/平米
首付30万 精装大三室 随时可以看房 电梯中间楼层 弘泰园	弘泰园	巩义市区-周边	住宅	3室2厅2卫	141平米	中等装修	/		年	5106元/平米
急售市区 新华小区小三室，有证可过户。全款35万	新华小区	巩义市区-中心	住宅	3室2厅1卫	98平米	中等装修	/		年	3571元/平米
商城 华府毛坯三室出售	尚城华府	巩义东区-中心	公寓	3室2厅1卫	115平米	简单装修	底/18	南	2010年	5739元/平米
出售东区两室简装现房未住人中间楼层价格便宜	东方现代城南苑	巩义东区-中心	公寓	2室2厅1卫	91平米	简单装修	中/26	南	2013年	6044元/平米
和平花园电梯房三室二厅中等装修55万	和平花园	巩义市区-中心	公寓	3室2厅1卫	120平米	中等装修	高层/15	南北	2010年	4583元/平米
3900一平方 首付21万 有证可分期 陇海复式 超好采光	陇海花苑	巩义市区-中心	公寓	5室3厅3卫	176平米	毛坯	高层/6	南北	2007年	3977元/平米
精装拎包入住，华树套房，明厨明卫，名校附近！	华树世家	巩义市区-中心	公寓	3室2厅2卫	130平米	豪华装修	高层/6	南北	2007年	5077元/平米
售锦豪园2室1厅1卫，中装修，交通便利	锦豪园商住区	巩义市区-中心	公寓	2室1厅1卫	117平米	简单装修	中层/10	西北	2013年	3162元/平米
市区名仕雅居 毛坯电梯房出售 需要的赶紧联系	名仕雅居	巩义市区-中心	公寓	3室2厅1卫	138平米	毛坯	中层/12	南北	2008年	4058元/平米
和平东花园电梯双气三室两厅57万，介意安置房勿扰	和平花园	巩义市区-中心	公寓	3室2厅2卫	128平米	毛坯	中层/11	南北	2013年	4453元/平米
朗曼祥和家园电梯双气小三室，113平毛坯现房出售！	朗曼祥和家园	巩义市区-中心	公寓	3室2厅1卫	113平米	毛坯	低/30	南北	2015年年	4513元/平米
园丁街 124平，有证可分期	鸿福园	巩义市区-中心	公寓	3室2厅1卫	124平米	简单装修	中层/7	南北	1994年建年	3145元/平米
3900一平方 首付21万 有证可分期 陇海复式 超好采光	陇海花苑	巩义市区-中心	住宅	5室3厅3卫	176平米	简单装修	/		年	3977元/平米
有证可分期！拖厂南苑 103平三室中装，49万首付15万	拖厂南苑	巩义市区-中心	住宅	3室1厅1卫	103平米	简单装修	/		0年	4757元/平米
出售清河湾三室两厅一卫双气 毛坯现房 全款可走一手手续	清河湾	巩义市区-中心	住宅	3室2厅1卫	95平米	毛坯	/		0年	5158元/平米
鑫源小区大三室南北通透	鑫源小区	巩义市区-中心	住宅	3室2厅1卫	134平米	中等装修	/		0年	3358元/平米
有证可分期！陇海花园大复式 户型好 采光好 年轻人的理想空间	陇海花苑	巩义市区-中心	住宅	5室2厅2卫	178平米	毛坯	/		0年	3652元/平米
精装拎包入住，华树套房，明厨明卫，名校附近！	华树世家	巩义市区-中心	住宅	3室2厅2卫	130平米	中等装修	/		0年	5077元/平米
明阳花园二期 拎包入住现房 62万 可改名	明阳花园	巩义市区-中心	住宅	3室2厅2卫	130平米	中等装修	/		0年	4769元/平米
家福园 2室 仅售58W	家福园	巩义东区-中心	住宅	2室2厅1卫	101平米	毛坯	/24		0年	5743元/平米
天玺华府 小三室 可分期 带车位	天玺华府	巩义东区-中心	住宅	3室2厅1卫	89平米	毛坯	低/26		0年	6742元/平米
全款智慧苑房屋出售 要的速度 随时可以看房 中间楼层	智慧苑	巩义市区-中心	住宅	3室2厅1卫	115平米	简单装修	/6		年	3217元/平米
东区精装四室，拎包入住，无公摊，可改名。63万全款！	高尚锦苑	巩义东区-中心	住宅	4室2厅2卫	145平米	中等装修	/		年	4345元/平米
出售御景湾三室两厅两卫双气南北通透 可走一手手续 可分期	御景湾	巩义东区-中心	住宅	3室2厅2卫	132平米	毛坯	/18		年	6667元/平米
出售东方现代城 北苑两室两厅一卫双气毛坯 可分期 现房	东方现代城北苑	巩义东区-中心	住宅	2室2厅1卫	90平米	毛坯	/17		年	5667元/平米
急售东方现代城北苑		巩义东区-中心	住宅	2室2厅1卫	92平米	毛坯	13/26		0年	5652元/平米
